{
  "n": 507,
  "kcal_mae": 57.57862091064453,
  "kcal_pct_mae": 22.53857119170331,
  "kcal_mae_ci95": [
    52.16648941040039,
    63.027618980407716
  ],
  "mass_mae": 46.560733795166016,
  "mass_pct_mae": 23.455239710617136,
  "mass_mae_ci95": [
    42.71646213531494,
    50.8928503036499
  ],
  "fat_mae": 4.533366680145264,
  "fat_pct_mae": 35.33229041579245,
  "fat_mae_ci95": [
    4.092474687099457,
    4.962357473373413
  ],
  "carb_mae": 6.078054904937744,
  "carb_pct_mae": 30.878783585805756,
  "carb_mae_ci95": [
    5.500244009494781,
    6.606570196151734
  ],
  "protein_mae": 5.855595111846924,
  "protein_pct_mae": 33.50140590487687,
  "protein_mae_ci95": [
    5.252803409099579,
    6.5236575365066525
  ],
  "ingr_f1_micro": 0.31816986589534574,
  "ingr_f1_macro": 0.2546082053575784,
  "ingr_f1_micro_ci95": [
    0.3060625191810275,
    0.3295412014857122
  ],
  "ingr_f1_macro_ci95": [
    0.25071397407036383,
    0.27904072974192584
  ],
  "top5_ingr_iou": 0.23287580504002053,
  "top5_ingr_iou_ci95": [
    0.22056055310701408,
    0.24510670603364942
  ],
  "per_ingredient_mass_mae": 21.990549087524414,
  "per_ingredient_mass_mae_ci95": [
    20.066222858428954,
    23.932883787155152
  ]
}