{
  "n": 507,
  "kcal_mae": 61.85514450073242,
  "kcal_pct_mae": 24.21257327552841,
  "kcal_mae_ci95": [
    55.99015350341797,
    67.77588958740235
  ],
  "mass_mae": 37.886802673339844,
  "mass_pct_mae": 19.085696597511443,
  "mass_mae_ci95": [
    34.317770385742186,
    41.67433557510376
  ],
  "fat_mae": 4.686524391174316,
  "fat_pct_mae": 36.52597561871168,
  "fat_mae_ci95": [
    4.250262427330017,
    5.152631378173828
  ],
  "carb_mae": 6.152733325958252,
  "carb_pct_mae": 31.258177789591016,
  "carb_mae_ci95": [
    5.566764330863952,
    6.719231009483337
  ],
  "protein_mae": 5.993813991546631,
  "protein_pct_mae": 34.292192614697164,
  "protein_mae_ci95": [
    5.347045850753784,
    6.61988867521286
  ],
  "ingr_f1_micro": 0.3307510946446615,
  "ingr_f1_macro": 0.2628863989018363,
  "ingr_f1_micro_ci95": [
    0.31847409438813085,
    0.34258772537027105
  ],
  "ingr_f1_macro_ci95": [
    0.25865211272659555,
    0.2868774962487666
  ],
  "top5_ingr_iou": 0.22962034213685006,
  "top5_ingr_iou_ci95": [
    0.21871283331429284,
    0.24072151844303516
  ],
  "per_ingredient_mass_mae": 21.354341506958008,
  "per_ingredient_mass_mae_ci95": [
    19.3390832901001,
    23.432104110717773
  ]
}